{"area_type": {"Super built-up  Area": 0, "Built-up  Area": 1, "Plot  Area": 2, "Carpet  Area": 3}, "availability": {"Ready To Move": 0, "18-Dec": 1, "18-May": 2, "18-Apr": 3, "18-Aug": 4, "19-Dec": 5, "18-Jul": 6, "18-Mar": 7, "18-Jun": 8, "20-Dec": 9, "21-Dec": 10, "19-Mar": 11, "18-Feb": 12, "18-Nov": 13, "18-Jan": 14, "18-Sep": 15, "19-Jun": 16, "18-Oct": 17, "19-Jan": 18, "19-Jul": 19, "17-Dec": 20, "20-Jan": 21, "17-Oct": 22, "19-Sep": 23, "22-Jun": 24, "19-Aug": 25, "21-Jun": 26, "19-Apr": 27, "Immediate Possession": 28, "20-Aug": 29, "19-Oct": 30, "21-Mar": 31, "17-Jun": 32, "21-May": 33, "17-Jul": 34, "17-Nov": 35, "21-Jan": 36, "22-Dec": 37, "20-Jun": 38, "17-Sep": 39, "22-May": 40, "19-May": 41, "17-Aug": 42, "21-Jul": 43, "17-May": 44, "20-Oct": 45, "19-Nov": 46, "17-Apr": 47, "21-Feb": 48, "20-Sep": 49, "21-Oct": 50, "22-Jan": 51, "21-Sep": 52, "21-Aug": 53, "20-Jul": 54, "17-Mar": 55, "20-Nov": 56, "16-Dec": 57, "20-Apr": 58, "20-May": 59, "21-Nov": 60, "16-Mar": 61, "22-Mar": 62, "19-Feb": 63, "20-Mar": 64, "22-Nov": 65, "16-Sep": 66, "15-Oct": 67, "17-Feb": 68, "15-Nov": 69, "20-Feb": 70, "15-Jun": 71, "16-Jul": 72, "14-Nov": 73, "15-Dec": 74, "16-Oct": 75, "15-Aug": 76, "17-Jan": 77, "16-Nov": 78, "16-Jan": 79, "14-Jul": 80}, "size": {"2 BHK": 0, "3 BHK": 1, "4 Bedroom": 2, "4 BHK": 3, "3 Bedroom": 4, "1 BHK": 5, "2 Bedroom": 6, "5 Bedroom": 7, "6 Bedroom": 8, "1 Bedroom": 9, "8 Bedroom": 10, "7 Bedroom": 11, "5 BHK": 12, "9 Bedroom": 13, "6 BHK": 14, "7 BHK": 15, "1 RK": 16, "10 Bedroom": 17, "9 BHK": 18, "8 BHK": 19, "11 BHK": 20, "11 Bedroom": 21, "10 BHK": 22, "14 BHK": 23, "13 BHK": 24, "12 Bedroom": 25, "27 BHK": 26, "43 Bedroom": 27, "16 BHK": 28, "19 BHK": 29, "18 Bedroom": 30}, "total_sqft": {"34.46Sq. Meter": 370.92, "4125Perch": 1123031.25, "1000Sq. Meter": 10763.9, "1100Sq. Yards": 9900, "5.31Acres": 231303.6, "30Acres": 0, "716Sq. Meter": 7706.96, "547.34 - 827.31": 687.325, "1500Sq. Meter": 16145.87, "142.61Sq. Meter": 1535.04126, "1574Sq. Yards": 14166, "1005.03 - 1252.49": 1128.76, "361.33Sq. Yards": 3251.97, "2249.81 - 4112.19": 3181.0, "117Sq. Yards": 1053, "3040Sq. Meter": 32722.29, "500Sq. Yards": 4500, "167Sq. Meter": 1797.57, "315Sq. Yards": 2835, "3Cents": 1306.68, "188.89Sq. Yards": 1700.01, "204Sq. Meter": 2195.84, "45Sq. Yards": 405, "133.3Sq. Yards": 1199.7, "78.03Sq. Meter": 839.90793, "122Sq. Yards": 1098, "84.53Sq. Meter": 909.87335, "2.09Acres": 91040.4, "24Guntha": 24000, "697Sq. Meter": 7502.45, "1500Cents": 653400, "132Sq. Yards": 1188, "2Acres": 87120, "1100Sq. Meter": 11840.3, "15Acres": 653400, "1.26Acres": 54885.6, "151.11Sq. Yards": 1359.99, "1Grounds": 2400.35, "2940Sq. Yards": 26460, "45.06Sq. Meter": 485.0218, "1.25Acres": 54450, "86.72Sq. Meter": 933.44631, "38Guntha": 38000, "6Acres": 261360, "120Sq. Yards": 1080, "24Sq. Meter": 258.334, "142.84Sq. Meter": 1537.51696, "300Sq. Yards": 2700, "2100 - 2850": 2475.0, "3010 - 3410": 3210.0, "2957 - 3450": 3203.5, "3067 - 8156": 5611.5, "1042 - 1105": 1073.5, "1145 - 1340": 1242.5, "1015 - 1540": 1277.5, "1520 - 1740": 1630.0, "1195 - 1440": 1317.5, "1200 - 2400": 1800, "1120 - 1145": 1120, "4400 - 6640": 5520, "3090 - 5002": 4046.0, "4400 - 6800": 5600, "1160 - 1195": 1172.5, "4000 - 5249": 4624.5, "1115 - 1130": 1122.5, "520 - 645": 580, "1000 - 1285": 1142.5, "3606 - 5091": 4348.5, "650 - 665": 657.5, "633 - 666": 645, "1445 - 1455": 1450, "884 - 1116": 1000, "850 - 1093": 971.5, "1440 - 1884": 1662, "580 - 650": 615.0, "3425 - 3435": 3430, "1804 - 2273": 2036.5, "3630 - 3800": 3685, "660 - 670": 665, "620 - 933": 726.5, "2695 - 2940": 2820, "2000 - 5634": 3817, "3450 - 3472": 3461, "1250 - 1305": 1277, "670 - 980": 720, "1004 - 1204": 1100, "645 - 936": 750, "2710 - 3360": 3035, "3436 - 3643": 3500, "2830 - 2882": 2856, "596 - 804": 700, "1255 - 1863": 1559, "1300 - 1405": 1352.5, "1500 - 2400": 1950, "934 - 1437": 1184, "980 - 1030": 1005, "1564 - 1850": 1707, "1446 - 1506": 1476, "1070 - 1315": 1192.5, "2806 - 3019": 2913, "613 - 648": 630, "1430 - 1630": 1530, "704 - 730": 717, "1482 - 1846": 1664, "2805 - 3565": 3185, "3293 - 5314": 4303.5, "1210 - 1477": 1340, "3369 - 3464": 3375, "1125 - 1500": 1300, "1076 - 1199": 1150, "381 - 535": 458, "2215 - 2475": 2300, "524 - 894": 700, "540 - 670": 605, "1650 - 2538": 2094.0, "2725 - 3250": 2987.5, "1974 - 2171": 2074, "888 - 1290": 1087, "1360 - 1890": 1525, "2466 - 2856": 2661, "660 - 700": 680, "385 - 440": 410, "2100 - 5405": 3752.5, "770 - 841": 805, "1310 - 1615": 1460, "1782 - 2000": 1900, "1469 - 1766": 1620, "1255 - 1350": 1402.5, "870 - 1080": 975, "2580 - 2591": 2585.5, "2563 - 2733": 2673, "605 - 624": 615, "4260 - 4408": 4335, "1349 - 3324": 2336.5, "3300 - 3335": 3317.5, "1180 - 1630": 1405, "1365 - 1700": 1532.5, "3500 - 3600": 3550, "1482 - 1684": 1583, "981 - 1249": 1115, "1100 - 1225": 1162.5, "1565 - 1595": 1580, "1270 - 1275": 1272.5, "840 - 1010": 925, "655 - 742": 700, "800 - 2660": 1730, "1408 - 1455": 1430, "4050 - 4075": 4062.5, "942 - 1117": 1029.5, "1750 - 2640": 2195.0, "1390 - 1600": 1495, "598 - 958": 778.0, "1010 - 1300": 1160, "3103 - 3890": 3500, "1450 - 1950": 1700, "1450 - 1595": 1525, "763 - 805": 780, "3307 - 3464": 3382, "620 - 934": 777, "2462 - 2467": 2464.5, "540 - 740": 640.0, "1618 - 1929": 1773.5, "3508 - 4201": 3854.5, "4900 - 4940": 4920, "1610 - 1880": 1745.0, "755 - 770": 762.5, "664 - 722": 693.0, "700 - 900": 800, "596 - 861": 630, "1925 - 2680": 2302.5, "615 - 985": 800, "540 - 565": 552.5, "750 - 800": 775, "1660 - 1805": 1785, "1410 - 1710": 1560, "1079 - 1183": 1130, "2800 - 2870": 2835, "1230 - 1290": 1260, "943 - 1220": 1070, "2041 - 2090": 2065, "527 - 639": 590, "1160 - 1315": 1240, "706 - 716": 711, "1791 - 4000": 2891, "799 - 803": 801, "2470 - 2790": 2630, "783 - 943": 863.0, "4500 - 5540": 5020, "1255 - 1375": 1315.5, "610 - 615": 610, "854 - 960": 910, "2650 - 2990": 2820.0, "1230 - 1490": 1360.0, "660 - 780": 720.0, "1150 - 1194": 1172, "684 - 810": 747.0, "1200 - 1800": 1500, "1510 - 1670": 1590, "1550 - 1590": 1570, "1235 - 1410": -175, "3484 - 3550": 3517.0, "929 - 1078": 1003.5, "2150 - 2225": 2187.5, "1520 - 1759": 1639.5, "629 - 1026": 827.5, "1215 - 1495": 1355.0, "1140 - 1250": 1195.0, "2400 - 2600": 2500, "1052 - 1322": 1187.0, "5666 - 5669": 5666, "712 - 938": 825.0, "1783 - 1878": 1830.5, "2528 - 3188": 2858.0, "650 - 760": 705.0, "1400 - 1421": 1410.5, "4000 - 4450": 4225.0, "2204 - 2362": 2283.0, "1437 - 1629": 1533.0, "850 - 1060": 955.0, "1200 - 1470": 1335.0, "1020 - 1130": 1125, "1133 - 1384": 1258.5}, "columns": ["area_type", "availability", "size", "total_sqft", "bath", "balcony", "location_7th Phase JP Nagar", "location_Bannerghatta Road", "location_Electronic City", "location_Electronic City Phase II", "location_Haralur Road", "location_Hebbal", "location_Hennur Road", "location_Kanakpura Road", "location_Marathahalli", "location_Raja Rajeshwari Nagar", "location_Rajaji Nagar", "location_Sarjapur  Road", "location_Thanisandra", "location_Uttarahalli", "location_Whitefield", "location_Yelahanka", "location_uncommon_location"]}